vehicle id,vehicle class,CO(g),HC(g),NOx(g),PM2.5_Ele(g),PM2.5_Org(g),Energy(KJ),CO2(g),Fuel(g),TT(s)
85,1,0.0217769275,0.0001718036388888889,0.000855322888888889,1.2477558333333332e-05,5.722947222222222e-05,194.64652777777778,13.848711157222223,4.337164539693687,7.0
83,1,0.05148021055555556,0.0005329293055555556,0.002523143111111111,3.1576566666666665e-05,0.00014482875,520.9196111111112,37.06238849166667,11.607266213981061,17.0
17,1,3.0233922580555563,0.022793902999999997,0.0903185735,0.0007941293722222222,0.0036423485,6048.667305555556,430.35058147694446,134.77797756255214,100.0
96,1,5.998877219166666,0.04177641072222222,0.13590217455555556,0.001865125961111111,0.00855455225,8080.790416666667,574.9320765708333,180.05827307150187,115.0
14,1,8.683569416388888,0.056567850277777776,0.16756307950000002,0.0026781904944444446,0.012283726694444445,9829.908527777778,699.3783319236111,219.03257758880366,157.0
46,1,8.757290796944444,0.05873651108333333,0.19094681327777777,0.002597766547222222,0.011914865444444443,11425.05475,812.8697953683334,254.57604045853716,163.0
42,1,10.160593946944443,0.0670148685,0.216867345,0.0029228552555555557,0.013405909194444444,12614.031083333335,897.4630835341668,281.0691202522913,174.0
11,1,9.937509319166665,0.06735369613888889,0.1987468781111111,0.003251363402777778,0.014912632249999998,11498.817305555556,818.1178536405556,256.2196368901558,178.0
4,2,8.706808719444444,0.06930489504527779,0.14950505872222222,0.002219779291666667,0.030424037055555558,12684.597472222222,902.4837409672223,282.64149887564366,179.0
75,1,9.838590719166666,0.06569994694444445,0.21628289205555556,0.002855273788888889,0.013095943583333334,12789.68986111111,909.9608542561111,284.98319481020934,175.0
59,1,9.014159619166666,0.061563047833333336,0.20640969127777778,0.0026857193444444444,0.012318271277777779,12782.296750000001,909.4348491855555,284.8184595858399,184.0
95,1,8.691349971944444,0.05835307663888889,0.172645512,0.002789522316666666,0.012794361,10113.465,719.5528078158334,225.35085662959509,154.0
112,1,3.036781908055555,0.02050327622222222,0.06089445327777778,0.0010113311777777778,0.004638549222222222,3655.830583333333,260.1050343333334,81.46016757075759,57.0
125,1,0.010725988333333334,0.00011862005555555556,0.0007036847777777778,8.56341111111111e-06,3.927680555555555e-05,106.56044444444444,7.581562500277778,2.374407528496086,4.0
127,1,0.0031802413888888893,2.0273083333333337e-05,5.1913555555555555e-05,2.5606805555555555e-06,1.1744805555555558e-05,39.42030555555556,2.804675899722222,0.8783734976857324,2.0
43,2,11.727736138888888,0.08899335814472223,0.20461257008333333,0.0027866733,0.03819381833333334,16105.005777777778,1145.8389510783334,358.85592604225985,215.0
151,2,0.013051672222222224,6.32695175e-05,0.0004353790555555555,3.915483333333333e-06,5.3664999999999995e-05,268.5115,19.104056199444443,5.983043055189646,9.0
76,1,14.930610166111109,0.10152648322222223,0.2973663503888889,0.004866033736111111,0.02231844130555555,18464.90538888889,1313.7410885766667,411.4398227406015,327.0
24,2,7.0803002444444445,0.055532636503611114,0.13864610811111108,0.0018971113694444446,0.02600158358333333,18313.8665,1302.9949737555555,408.0743349625354,415.0
91,1,10.141280930555554,0.07728845152777777,0.2322593326111111,0.004016751075,0.018423154499999997,24321.958666666666,1730.4587151663889,541.9482067043826,770.0
179,1,9.376925146944444,0.07037405997222222,0.2062952140555556,0.0036661810611111107,0.01681523888888889,24057.672305555552,1711.6552691666668,536.0593092981061,799.0
39,1,11.600253181944442,0.08623378205555556,0.24869792466666665,0.004729239188888889,0.02169104361111111,31994.736305555558,2276.3614986561115,712.9150329882094,1182.0
182,1,11.274735737777776,0.08443991791666666,0.2462288453888889,0.004368178602777778,0.020035005,25728.722916666666,1830.5471780419443,573.2940934867726,816.0
246,1,6.834867730833333,0.05150060019444444,0.15252716483333334,0.0026770388805555556,0.012278456277777777,15851.93877777778,1127.8337401372223,353.21702134297544,523.0
321,1,7.900672933055555,0.051989137500000004,0.14658287166666667,0.002584188258333333,0.011852576027777778,9196.488111111112,654.3117361061111,204.91853917141387,174.0
340,1,0.02087398861111111,0.00019753741666666668,0.0005137386111111111,1.4880769444444444e-05,6.825208333333334e-05,252.34969444444445,17.954176060277774,5.6229215025142665,10.0
315,1,10.111973482777778,0.07093114747222223,0.21531359961111113,0.00345657385,0.0158538475,14709.431805555556,1046.5466540591667,327.75938393034806,288.0
322,1,9.727392552499998,0.0677288215,0.20128604983333334,0.003317069891666667,0.015214000138888888,12708.658194444444,904.1956131822221,283.1776261284323,229.0
301,2,7.752778188888889,0.06560835522027778,0.17328372027777778,0.0021590365916666666,0.029591497166666668,29935.42316666667,2129.845487433889,667.0288822008861,889.0
354,1,10.509275508333332,0.07408473394444445,0.22006082833333335,0.0037618869694444443,0.01725419102777778,17999.00083333333,1280.5929112366666,401.0584162918469,449.0
360,1,8.806781601944444,0.06274494944444445,0.18682609711111112,0.003140692947222222,0.014405036416666668,15731.759472222222,1119.2832228902778,350.53915480518236,408.0
358,1,10.624341413055554,0.08152009572222223,0.2540723377222222,0.003968931758333333,0.018203826416666666,21135.141722222223,1503.7230632036112,470.93872297604,504.0
3,1,19.033144873611107,0.1417413311388889,0.39661211900000004,0.008057120719444444,0.03695463777777778,46797.01419444445,3329.513965900556,1042.743237502492,1957.0
70,1,18.468606130555557,0.1410816362777778,0.40552725922222227,0.007934488002777776,0.03639217863888889,47415.396611111115,3373.510638098334,1056.5221952953418,1966.0
314,1,15.71781565472222,0.10858354061111111,0.30994245,0.005641512336111111,0.025875238388888888,27869.631027777777,1982.8685083202781,620.9983646512143,852.0
103,1,20.453203929166666,0.14909039975,0.4237259626111112,0.008165324205555555,0.03745091833333333,47612.36947222222,3387.5248632158336,1060.9111957980497,1925.0
468,1,0.02950709972222222,0.0002536971666666667,0.0009321244444444445,1.6073022222222225e-05,7.372044444444446e-05,318.1205277777778,22.6336393125,7.0884443119602265,11.0
144,1,17.118798958055553,0.13259738638888888,0.386517904,0.0074877286166666664,0.03434308163888889,45157.31625,3212.8527365441664,1006.2070615813321,1848.0
238,1,15.543008454444443,0.11820259752777777,0.34677747888888893,0.006425228280555556,0.029469828833333333,39060.05738888889,2779.044963062778,870.3463543410247,1454.0
411,1,7.682440349444445,0.05213438947222223,0.15229179477777777,0.0025083738555555556,0.011504849638888889,9346.586277777778,664.990920475,208.26306554876135,157.0
407,1,6.85634068,0.046886407694444444,0.1408471351111111,0.0022775936499999996,0.010446360472222221,9767.272583333333,694.9219097313888,217.63690718405766,203.0
377,2,12.589233569444444,0.09596614203944444,0.22461406947222223,0.0031195018805555553,0.04275552983333334,21256.91238888889,1512.3868026561113,473.65204865002755,345.0
108,1,18.329497234444442,0.13953935088888889,0.39424263272222226,0.00778190705,0.03569235188888888,47670.38711111111,3391.6527021775,1062.2039599092261,1951.0
503,1,0.11668422666666667,0.001384763361111111,0.0046628826111111115,8.809902777777778e-05,0.0004040743055555555,1271.613388888889,90.47274938888889,28.3344201495202,53.0
512,1,0.009098796944444446,6.990058333333334e-05,0.0003722163333333333,4.328436111111111e-06,1.985277777777778e-05,95.93891666666667,6.825862044166666,2.1377358856503785,3.0
117,1,13.63858335611111,0.11510658205555557,0.3336174672777778,0.006432265741666667,0.02950212383333333,47766.67294444444,3398.5032466086113,1064.3494258696967,1989.0
379,1,11.122800391666665,0.07897190416666666,0.24099822599999998,0.003751716963888889,0.017207545805555554,17302.015277777777,1231.003782955278,385.5280029346302,358.0
217,2,15.948107941666667,0.127383027885,0.33210222227777775,0.004308915419444444,0.059057475916666664,56227.15105555556,4000.4493432105555,1252.867998850942,1648.0
277,2,11.214176980555555,0.0962555538488889,0.2747034154722222,0.0032628187472222223,0.044719809138888886,44800.14675,3187.4408409922225,998.2485179289279,1223.0
181,1,18.713124210277776,0.13962114888888888,0.39159064150000006,0.00780267006111111,0.03578757886111111,44493.79675,3165.6446511675,991.4223475701851,1798.0
200,1,13.32027451111111,0.10642683372222224,0.30836958233333334,0.006046831774999999,0.02773429347222222,42622.26625,3032.488999124723,949.7204183622429,1735.0
475,1,6.505851071944444,0.04425453161111112,0.13267875111111113,0.0021328194749999996,0.009782344694444445,8069.342555555557,574.1175841333334,179.8031888490303,138.0
533,1,0.03072084138888889,0.00030792930555555555,0.0017661582222222223,1.789576388888889e-05,8.208047222222221e-05,272.7750833333333,19.407401627777777,6.078045327972222,8.0
539,2,0.0019109333333333332,5.9078947222222216e-06,4.5614472222222216e-05,7.364722222222222e-07,1.0093972222222221e-05,47.85758333333334,3.404971338888889,1.066375114770202,2.0
138,1,13.08458879722222,0.10789236,0.3116907851666667,0.006249984561111112,0.028666075305555556,46463.93769444444,3305.81623904,1035.3215403175273,1978.0
191,1,20.171319950277777,0.15222734702777777,0.4422282422777778,0.008209094894444444,0.03765168238888889,48578.73977777778,3456.2801776811116,1082.444110191948,1791.0
538,2,0.017215705555555554,0.00010042475583333334,0.0006688801944444444,4.863925e-06,6.666422222222223e-05,341.3316111111111,24.285061463888887,7.6056397039179275,10.0
488,1,5.458240594166666,0.035505779361111114,0.101018184,0.001711046486111111,0.007847844555555556,5716.53486111111,406.72002229305554,127.37731607268874,86.0
541,1,0.014278546666666666,0.00022212694444444445,0.0006233130555555555,1.3159041666666667e-05,6.035513888888889e-05,202.06772222222224,14.376714302222222,4.502525524650505,9.0
544,1,0.011498826944444445,0.0001300319166666667,0.000320975,1.1466069444444444e-05,5.259019444444444e-05,172.28380555555555,12.257648197777776,3.838872549213131,8.0
540,2,0.043951747222222226,0.0002628065613888889,0.0023462646944444445,1.8109541666666665e-05,0.00024820705555555556,676.9338333333334,48.16248837388889,15.083615677095203,18.0
545,1,0.017685449722222222,0.00015245425,0.0005683730000000001,1.1199644444444443e-05,5.1368222222222225e-05,218.89280555555555,15.573785330277776,4.8774264057097225,7.0
551,2,0.013677933333333333,7.225820027777777e-05,0.0005753242777777778,4.257555555555556e-06,5.8353472222222224e-05,242.42175,17.247822668888887,5.401704463120201,7.0
460,1,6.504723810833332,0.04980198372222223,0.1577810818888889,0.002444545872222222,0.011212107333333334,11658.56725,829.4837426558333,259.7792266772132,249.0
516,1,8.989841585833332,0.05862080486111112,0.1718247377777778,0.002855948602777778,0.013099028055555554,9549.300805555557,679.4136537005555,212.78000336349214,131.0
555,1,0.012195519166666668,7.413708333333334e-05,0.00024173216666666667,7.029452777777778e-06,3.224127777777778e-05,130.91030555555554,9.314006419722222,2.9169774650857327,5.0
434,1,9.59851276611111,0.06698565627777778,0.19942812338888888,0.0032730025,0.015011881972222222,14420.059777777778,1025.9584130402777,321.31152117488693,312.0
365,1,14.61580752333333,0.10915050572222224,0.33212544950000006,0.0054285569,0.024898512166666668,28685.81077777778,2040.9380651438887,639.1846940382451,748.0
178,1,16.929327527777776,0.12971084794444446,0.3680945904444444,0.0073856500555555555,0.03387488608333333,47399.32325,3372.36705057,1056.1640444739683,1930.0
457,2,4.252100022222223,0.03597814403361111,0.08916141408333333,0.00111541125,0.015287697722222222,8571.435916666667,609.8405226116666,190.99096367247196,139.0
318,1,15.254772273888886,0.11492184805555557,0.3337377732222222,0.006078455833333334,0.027879328861111115,33435.24691666666,2378.8509476052777,745.0128649545619,1196.0
498,1,8.450554612777777,0.06249940983333334,0.18601483655555556,0.0030433238833333337,0.013958448944444445,12905.712861111113,918.2156586222223,287.56844945032327,266.0
461,1,10.191808558055554,0.07031523891666668,0.20532296583333332,0.003470124711111111,0.015915997444444444,12981.060583333336,923.5764983497223,289.24736698316303,242.0
326,1,15.38911060722222,0.11456265524999999,0.3340791778888889,0.006088774311111111,0.027926656138888888,33430.85875000001,2378.538738328889,744.9150866857293,1165.0
213,1,15.563583073055554,0.12437277533333334,0.35985353466666664,0.006845368586111111,0.031396846972222225,46398.759305555555,3301.178927033889,1033.869218511977,1840.0
579,1,0.006669460555555556,7.93646388888889e-05,0.0001817817222222222,7.117574999999999e-06,3.2645416666666674e-05,102.79711111111111,7.313808861388889,2.2905519570440656,5.0
527,1,8.018390074722221,0.05453914011111111,0.1588919493888889,0.002611122908333333,0.011976116138888888,10339.825194444444,735.6578829155555,230.3946733312808,185.0
221,1,17.734725902777775,0.13305756980555555,0.3804679016666666,0.0074166707888888884,0.03401716344444444,46728.973333333335,3324.6729946983337,1041.2271333396145,1843.0
396,2,14.891857605555554,0.12845532685083333,0.31374443347222225,0.004053670661111111,0.05555914819444445,31996.664833333332,2276.4987096272225,712.9580049696165,542.0
415,1,17.88676391583333,0.12051340333333334,0.35719734766666666,0.005878358052777777,0.026961544027777777,23500.583638888893,1672.019524676111,523.6461147735639,455.0
424,1,13.954477046666664,0.10016816275000001,0.30903503444444447,0.004866533777777777,0.022320745277777776,22210.670777777777,1580.2448044488888,494.90394102967474,450.0
463,1,13.852598043888888,0.09819437880555557,0.2926707622777778,0.004729876491666667,0.02169395138888889,18927.01013888889,1346.6189173216667,421.73656092483105,351.0
440,2,12.127517838888888,0.09916406448527779,0.2556608913611111,0.003029537186111111,0.041522484388888885,24554.44058333333,1746.9993386488889,547.1284292404929,402.0
450,2,9.640085652777778,0.0772698348113889,0.17782101144444445,0.0024984595416666666,0.03424360058333333,16818.95966666667,1196.6353423838887,374.7644322284087,273.0
472,1,11.824217240833331,0.08453586077777779,0.25401625366666664,0.004064117650000001,0.01864039372222222,17549.758277777775,1248.6302018933334,391.04827686568484,367.0
437,1,15.460716125833333,0.10603987025,0.31988253533333333,0.005128259380555555,0.023521164555555557,22409.230111111112,1594.3719038975,499.32829172062617,471.0
606,1,1.2200153802777778,0.0077992383611111115,0.02380644577777778,0.00036430459444444443,0.0016709105833333333,1376.305027777778,97.92135011500001,30.667186467834096,17.0
433,1,18.0813806575,0.12755611372222223,0.3817871575555556,0.006200022727777778,0.02843689155555556,25802.224194444443,1835.776646926667,574.9318680602152,497.0
616,1,0.0060248525,4.644380555555556e-05,0.0001542777222222222,4.413513888888889e-06,2.0243000000000003e-05,76.93030555555555,5.473437379722222,1.7141810702857325,3.0
623,1,0.2926659080555555,0.001917103888888889,0.005929134666666666,9.84695111111111e-05,0.00045163791666666663,463.0761388888889,32.94694112666667,10.31838292557879,11.0
507,1,17.357852685555553,0.1186637596388889,0.3630600411111111,0.005649107461111111,0.02591007347222222,22890.007444444444,1628.5782496055558,510.0410972628308,388.0
608,1,3.4676228330555556,0.02253635672222222,0.06343762783333333,0.0010798353027777776,0.004952746361111111,3728.3841666666667,265.2670766841667,83.0768253797231,68.0
631,1,0.0357568025,0.00030604580555555554,0.0019619453888888886,1.7510347222222224e-05,8.031272222222221e-05,293.1981944444444,20.860465137777776,6.533118399967676,7.0
633,1,0.8207639858333332,0.0050984726388888894,0.014855286444444444,0.00025611678055555555,0.001174698638888889,848.7074166666666,60.38383527694445,18.911119320824874,12.0
414,1,17.25880033833333,0.12120558227777779,0.3669362875,0.005831470083333333,0.02674649583333333,26376.024194444442,1876.6013693269445,587.7174288483021,544.0
448,1,19.10459674111111,0.13608282119444445,0.40580285694444446,0.0065247413777777775,0.029926239194444447,27520.20827777778,1958.0077784808334,613.21243607877,552.0
636,1,0.3505072661111111,0.0025041632222222226,0.009197747555555556,0.0001364489111111111,0.0006258337222222222,970.6887777777779,69.06256515361112,21.62913972310821,26.0
477,1,17.79402866861111,0.12473496158333333,0.3687264237222222,0.006068727558333333,0.027834695888888886,25585.09258333333,1820.328167063611,570.0936850485581,539.0
649,1,0.27684560249999995,0.001691512527777778,0.005120824666666667,8.529815277777777e-05,0.0003912263055555555,300.6403055555556,21.389956458055558,6.698945454363762,4.0
611,1,7.865226963333333,0.056934543527777784,0.16904893527777778,0.0027546458000000003,0.012634401416666666,11136.16575,792.315920755,248.13894063645228,210.0
653,1,0.007261769166666666,5.5871972222222224e-05,0.00023263772222222221,4.398194444444444e-06,2.0172722222222222e-05,86.81641666666667,6.176814413611111,1.9344659686263885,3.0
528,1,16.781470885555557,0.12276619938888889,0.3727915912777778,0.005843494988888889,0.02680165269444444,26046.96875,1853.1897325519446,580.3853298764953,532.0
665,1,1.2068667969444444,0.007588432833333334,0.02338192327777778,0.00036887139444444445,0.0016918566666666666,1440.9066944444444,102.51762949500002,32.10665760093409,19.0
674,1,0.015606260833333335,0.00014411036111111112,0.0007678684444444445,9.861619444444445e-06,4.523119444444444e-05,140.6665277777778,10.008142117222222,3.134368144893687,5.0
566,1,21.060565316388885,0.1446213191388889,0.4211512223333334,0.0069013903972222216,0.03165376119444444,25364.993194444447,1804.6685357458334,565.1893732403996,443.0
675,1,0.26850823027777776,0.001691722916666667,0.004510783222222222,8.504556388888888e-05,0.00039006783333333335,272.6864722222222,19.401097125000003,6.076070872329546,6.0
578,1,14.272826152499997,0.10540811641666668,0.3203467531111111,0.005021153413888889,0.023029919583333336,21643.660555555558,1539.9031611422222,482.2696718304505,424.0
686,1,0.3211758077777777,0.002294894527777778,0.006957720611111112,0.00012201316388888888,0.0005596230833333333,846.7304444444444,60.24317765916666,18.8670679123481,26.0
620,1,19.838545658055555,0.13021485005555555,0.39986238216666664,0.005971769186111111,0.02738998575,22711.44225,1615.8736932033332,506.06226118958926,318.0
584,1,20.565115929999997,0.14072580341666668,0.412036709,0.0068093447305555554,0.031231588166666664,25585.397055555553,1820.34982965,570.10046937675,461.0
605,1,22.604120705277776,0.15365527538888893,0.43934045872222227,0.007491143008333333,0.03435870622222222,25469.002722222223,1812.0686056194447,567.5069405780897,433.0
708,1,0.04565713861111111,0.0005634204166666667,0.0016059375555555555,3.2883825e-05,0.00015082475000000002,555.8174166666666,39.54529756388888,12.384868191599745,22.0
684,1,5.110323513611112,0.036527767055555556,0.1411611442222222,0.0013543515555555557,0.0062118543333333325,8969.698805555556,638.1761306527778,199.86516091807448,119.0
715,1,0.013716413611111113,0.00012604025,0.0007392256666666667,8.618669444444445e-06,3.953027777777777e-05,121.12013888888889,8.617455640555557,2.6988304256103537,4.0
717,1,0.0032751494444444446,2.6699527777777783e-05,6.009988888888889e-05,3.8133916666666664e-06,1.7490472222222226e-05,51.85061111111111,3.6890672794444446,1.1553487979714647,3.0
682,1,4.359034674722222,0.031597819166666666,0.12095173322222222,0.0011733572055555555,0.005381707805555555,7961.952861111111,566.4770221863889,177.41030376655542,123.0
687,1,6.3754793025000005,0.047497597555555555,0.18570166433333335,0.0017123751777777777,0.007853965249999999,12050.473416666668,857.3670826888888,268.51178180574743,179.0
689,1,8.65142894138889,0.05986678941666667,0.2123765326111111,0.002388687036111111,0.01095591486111111,13044.768750000001,928.1092070530556,290.66692893616147,186.0
727,2,1.2310023111111112,0.010819114684166665,0.02829356961111111,0.000305776625,0.0041909375833333335,2651.4995555555556,188.64889038,59.08140248719091,39.0
705,1,9.28727401611111,0.06216147016666666,0.2041096055,0.002690946925,0.012342244027777779,12257.65786111111,872.1078415133334,273.12831945576664,175.0
747,1,0.013716413611111113,0.00012604025,0.0007392256666666667,8.618669444444445e-06,3.953027777777777e-05,121.12013888888889,8.617455640555557,2.6988304256103537,4.0
668,1,12.556514110833332,0.08192949791666666,0.23921568533333332,0.003974646886111111,0.01823002272222222,14367.562944444444,1022.223368345,320.14177308622953,231.0
749,1,0.016430296944444447,0.00012438730555555558,0.0008119105000000001,1.033390277777778e-05,4.7397361111111113e-05,137.9525277777778,9.815046445277778,3.073894091271086,4.0
671,1,11.097548699722221,0.07397427294444446,0.21316269605555557,0.003564051425,0.016346796777777776,12419.794277777779,883.6435232591667,276.7410852388936,209.0
750,1,0.02010646361111111,0.00016726908333333334,0.0008360288333333333,9.856297222222222e-06,4.520680555555556e-05,228.24113888888888,16.238900551944443,5.085728400131692,6.0
751,1,0.27867295249999996,0.0017819905000000002,0.005227052944444445,9.151081666666666e-05,0.00041972125,344.22869444444444,24.491183150555557,7.6701932685148995,7.0
755,1,0.014994063611111113,0.00019002383333333332,0.0008261362777777778,1.3379983333333334e-05,6.136847222222222e-05,151.2720277777778,10.762702231111112,3.3706826532888887,6.0
704,1,12.649204433055555,0.0840682125,0.2770162986111111,0.0035936573277777777,0.016482599888888887,16302.133861111113,1159.8642199741666,363.2483852555458,230.0
758,2,0.0670667388888889,0.001166363872777778,0.003273812722222222,2.3745094444444443e-05,0.0003254485277777778,341.0629444444445,24.26594637,7.599653204059091,7.0
766,1,0.013166713611111113,9.954586111111112e-05,0.000719908,7.167319444444446e-06,3.2873527777777775e-05,107.6836388888889,7.6614755386111115,2.399434839137753,3.0
767,1,0.8744252080555555,0.005875575222222223,0.01731824338888889,0.00028414305,0.0013032437222222223,1168.8149166666667,83.15884368777779,26.04383786403586,22.0
773,1,0.8485066774999999,0.005331690861111111,0.015878193722222222,0.00027064003055555553,0.001241310888888889,1116.1012500000002,79.40837172972222,24.869258237172094,21.0
800,1,0.26703738027777774,0.0016232345555555556,0.0045011055,8.255012777777777e-05,0.0003786222777777778,235.6558611111111,16.766443205833333,5.250945167645075,3.0
818,1,0.013166713611111113,9.954586111111112e-05,0.000719908,7.167319444444446e-06,3.2873527777777775e-05,107.6836388888889,7.6614755386111115,2.399434839137753,3.0
819,1,0.013166713611111113,9.954586111111112e-05,0.000719908,7.167319444444446e-06,3.2873527777777775e-05,107.6836388888889,7.6614755386111115,2.399434839137753,3.0
822,1,0.0031802413888888893,2.0273083333333337e-05,5.1913555555555555e-05,2.5606805555555555e-06,1.1744805555555558e-05,39.42030555555556,2.804675899722222,0.8783734976857324,2.0
733,1,18.898454594166665,0.12640374358333334,0.3953094515000001,0.005701248402777777,0.026149224305555552,23018.56097222222,1637.7245760502778,512.9055604084734,328.0
789,1,5.338905685833335,0.039315495,0.16192623772222223,0.0013138529055555556,0.00602611236111111,10713.268916666666,762.2276569352778,238.7158434674574,157.0
810,1,4.9358719719444455,0.0353210395,0.13522355105555556,0.0013095729333333333,0.006006472527777777,8611.525583333332,612.6928222325,191.88425205372388,119.0
795,1,7.74973536638889,0.054918360500000006,0.20901643066666667,0.0020583367944444443,0.009440742166666665,13199.63402777778,939.1275618513889,294.11767732527585,173.0
779,1,15.918711785833331,0.10565673088888888,0.34439426794444444,0.004584254616666666,0.021026051,20020.88063888889,1424.4456157188888,446.1104678319611,266.0
855,1,0.041245866388888885,0.0005597424722222223,0.001950095777777778,3.370665555555556e-05,0.00015459861111111108,453.85725,32.29103562083333,10.112965246706437,19.0
875,1,0.02192988027777778,0.00017534408333333336,0.0011425749444444445,1.0787908333333334e-05,4.9479694444444446e-05,201.71224999999998,14.351423163055555,4.494604799702398,5.0
782,1,16.34006091361111,0.10807459369444444,0.34668453372222224,0.004733981308333333,0.021712781694444443,20097.535416666666,1429.8994498447223,447.8185095195516,279.0
805,1,9.182200146944446,0.06400918325,0.2393841385,0.002436831686111111,0.011176742416666666,15197.747861111111,1081.2893648788888,338.6401692734338,216.0
815,1,6.7561387969444455,0.05046019805555556,0.20242484161111113,0.0017546406,0.00804782336111111,13632.97363888889,969.9588085130556,303.77346321158876,214.0
853,1,7.931343271666667,0.05388176036111111,0.16618896411111111,0.002501661619444444,0.01147406938888889,9715.501833333334,691.2385244369444,216.48333788047944,143.0
817,1,16.127682355277777,0.10694097947222223,0.31976305266666666,0.005004062308333334,0.022951519166666667,18330.975166666667,1304.2122211458334,408.4555547133996,269.0
920,1,0.5560682549999999,0.003499997416666667,0.01036719527777778,0.00017826031944444444,0.0008176043055555556,658.3054999999999,46.837119710555555,14.66853430935126,12.0
852,1,10.746509324722222,0.07422455950000001,0.24579204022222223,0.003201049266666667,0.014681875972222223,15270.980861111111,1086.499746331389,340.2719660101486,249.0
939,1,0.009098796944444446,6.990058333333334e-05,0.0003722163333333333,4.328436111111111e-06,1.985277777777778e-05,95.93891666666667,6.825862044166666,2.1377358856503785,3.0
846,1,17.228323024722222,0.11538914805555556,0.3696502467777778,0.005091262483333333,0.023351479555555554,21541.52763888889,1532.6366084577778,479.9939196488222,298.0
886,1,11.457201358055553,0.07691895605555556,0.2394495351111111,0.003508921261111111,0.016093946027777778,14303.39125,1017.6576806622222,318.71188271648685,226.0
960,1,0.0103471025,6.971861111111112e-05,0.00027636494444444444,5.706163888888889e-06,2.617186111111111e-05,113.80641666666666,8.097098933611111,2.5358641660263888,4.0
890,1,12.682192160833335,0.08497728727777779,0.28103557905555554,0.0036593207444444442,0.016783771222222223,16896.168861111113,1202.1286221583332,376.4848275759507,242.0
865,1,17.99467728305555,0.12135440088888888,0.3744463327222222,0.005567697861111111,0.025536686222222223,21716.325583333335,1545.0731326019445,483.88881289215436,327.0
908,2,10.04672511111111,0.07839416867250001,0.18253100491666666,0.0023859377027777777,0.03270138605555555,14129.757583333334,1005.3039925333334,314.8429322070303,172.0
902,2,13.32005626388889,0.10169435433916667,0.22969068322222222,0.003225447313888889,0.04420760755555555,18410.999666666663,1309.9058042855556,410.23868143306714,234.0
900,1,13.124481641388886,0.08906225386111111,0.2695526730555555,0.004211092913888889,0.01931450958333333,15052.180694444443,1070.9325520291668,335.39660379458905,213.0
971,1,0.27849470249999997,0.0017709956944444447,0.005178777666666667,8.965220277777777e-05,0.0004111965555555555,340.94980555555554,24.25789676388889,7.597132213781566,7.0
990,1,0.07091777472222223,0.0009503349444444445,0.0036061070555555557,3.353199722222222e-05,0.00015379758333333333,487.88180555555556,34.71181470361111,10.871109241267298,14.0
993,1,0.04816262194444444,0.0005241196944444444,0.0022976359444444447,2.9312880555555555e-05,0.0001344461111111111,516.3054166666666,36.7340977875,11.504451534357953,16.0
935,2,14.424107916666667,0.11029288220027778,0.25614316125,0.0034328245833333327,0.04704989719444444,20398.087305555557,1451.2831156144443,454.51548484470555,267.0
911,1,19.849471796944442,0.13133104355555558,0.3987578213333333,0.006050793691666666,0.02775243708333333,23226.927250000004,1652.549419978889,517.5484319842975,352.0
936,1,15.14035215222222,0.10095769411111112,0.30881341705555554,0.004714418752777777,0.02162305219444445,18139.281861111114,1290.5736258475,404.18419464042154,278.0
962,1,10.143599741388888,0.06769447722222222,0.22307283772222222,0.0029145351111111105,0.013367749111111112,13241.61336111111,942.114307428611,295.0530717355968,177.0
1052,1,0.04741343583333334,0.000604787138888889,0.002504773,3.3513316666666667e-05,0.00015371180555555554,508.25530555555554,36.16134847972222,11.32507686478573,18.0
1057,1,0.02173771916666667,0.00017371575000000002,0.0007992912222222221,1.0163480555555555e-05,4.6615777777777784e-05,219.87402777777777,15.643597330555554,4.899290254887626,7.0
1017,1,8.350423280277777,0.055382348194444445,0.18251972472222222,0.0023791668527777775,0.010912240694444445,10886.212472222223,774.5322449925,242.56941672719657,155.0
946,2,17.437013630555555,0.13729507326166668,0.3215989955833334,0.004216910994444444,0.057796495583333336,25725.328916666665,1830.3057017727779,573.2184675097473,342.0
1071,1,0.052962852500000004,0.0006622863611111111,0.0024060524444444445,1.9827230555555555e-05,9.093947222222221e-05,300.3483611111111,21.369185198055554,6.692440273391035,7.0
944,1,11.269997263611112,0.07768430861111111,0.23975424366666667,0.003597521933333333,0.016500319333333333,14445.38575,1027.760305326389,321.87584107721904,228.0
1075,1,0.016252046944444445,0.00011339250000000001,0.0007636352222222222,8.47528888888889e-06,3.8872666666666665e-05,134.6736388888889,9.581760058611112,3.0008330365377525,4.0
973,1,14.17070038,0.0934334963611111,0.27778300333333333,0.0044162754333333335,0.020255589361111114,15992.54252777778,1137.8374157527778,356.3499906607563,239.0
1076,1,0.035352069166666666,0.00037002258333333337,0.0019662000555555554,2.118462777777778e-05,9.716513888888888e-05,333.60769444444446,23.73552024361111,7.433533385385478,10.0
1078,2,0.003037480555555555,6.024039444444444e-06,4.810866666666666e-05,1.0377833333333333e-06,1.4223694444444443e-05,63.685166666666674,4.531072237777778,1.4190494417404043,3.0
991,2,13.624454966666667,0.10722672861694443,0.2302732541111111,0.003427661872222222,0.04697913675,19294.545361111108,1372.768313358889,429.92607632012476,265.0
1002,1,13.18552046361111,0.08798212427777777,0.29771962883333336,0.003706657944444444,0.017000889666666665,17849.19002777778,1269.9341721377778,397.7202930013313,243.0
972,1,16.218119908055556,0.10934544247222223,0.3345337746666667,0.005128001536111111,0.023519981666666665,19918.416694444444,1417.1555109622223,443.82733956953234,295.0
1047,2,7.510816036111111,0.05939713831138889,0.1291760393611111,0.0018791134250000002,0.025754914444444443,10551.784805555555,750.7383853466667,235.11761250175152,137.0
1031,1,10.624536535833332,0.07118017327777779,0.2123014285,0.003390853813888889,0.015552414138888889,13083.230055555556,930.845651973889,291.5239337318225,218.0
1101,2,0.008869588888888889,5.431175583333333e-05,0.0003726681666666667,3.1613222222222217e-06,4.3328583333333334e-05,222.8216111111111,15.85331198611111,4.964969072013889,7.0
1107,1,0.0032751494444444446,2.6699527777777783e-05,6.009988888888889e-05,3.8133916666666664e-06,1.7490472222222226e-05,51.85061111111111,3.6890672794444446,1.1553487979714647,3.0
1109,2,0.05485876111111111,0.0003575955672222222,0.0029870622777777777,2.187727222222222e-05,0.0002998471111111111,851.401,60.575478347777775,18.9711384461904,23.0
1024,1,15.092388808055556,0.10132020969444444,0.3329403038888889,0.004415648291666666,0.020252727305555555,19734.733583333335,1404.0868250088888,439.73446474142014,279.0
1035,1,13.799067008055555,0.09372931544444445,0.3090886985,0.004043974172222222,0.018548015305555554,18302.614250000002,1302.1943986755557,407.82360940338987,265.0
1117,1,0.0031802413888888893,2.0273083333333337e-05,5.1913555555555555e-05,2.5606805555555555e-06,1.1744805555555558e-05,39.42030555555556,2.804675899722222,0.8783734976857324,2.0
1135,1,0.0108968025,9.621300000000001e-05,0.0002956826111111111,7.157513888888889e-06,3.2828611111111115e-05,127.24291666666666,9.053079035555555,2.83525975249899,5.0
1063,1,15.464323019166665,0.10356291522222222,0.3277596702222222,0.004597649944444444,0.021087485944444442,19480.312805555557,1385.9852955033334,434.0653948189985,296.0
1139,2,0.028859827777777777,0.00016185922805555554,0.0015816213888888888,1.152786111111111e-05,0.0001579994166666667,427.63175,30.42514375222222,9.52860183876414,11.0
1129,2,5.706618455555554,0.049406864400555556,0.12577556458333333,0.0015774667777777775,0.021620580333333334,13933.768222222223,991.3597415033333,310.4758463162712,262.0
1053,2,16.36574901666667,0.13330738847805557,0.31844209036111115,0.004416885541666667,0.060537315555555554,32972.25119444445,2345.9097280644446,734.6962739256373,579.0
1173,2,0.05143007222222222,0.0003328197675,0.0023374268333333334,1.8265316666666666e-05,0.00025034180555555554,928.6855277777778,66.07411792666667,20.693212387033334,28.0
1174,1,0.010750988333333333,0.00011496352777777778,0.00036250588888888887,8.95508888888889e-06,4.107333333333334e-05,150.19322222222223,10.685947375277777,3.3466444279847223,6.0
998,1,9.735699044166665,0.07461975202777779,0.21589221388888888,0.004101024380555556,0.01880968463888889,27691.973388888888,1970.2285226499998,617.0397509572045,1034.0
1161,1,11.084947014722221,0.0817318308888889,0.23552103427777776,0.004255262711111111,0.019517107666666665,27309.488027777774,1943.0154541808333,608.5171126957247,899.0
1249,2,0.012140147222222222,6.25667675e-05,0.0003640969166666667,3.4117027777777775e-06,4.676025e-05,224.97469444444445,16.00649955777778,5.012944634231313,8.0
1084,1,16.12363577833333,0.12436529266666667,0.36160980266666665,0.006916636086111111,0.03172372394444445,46193.97080555556,3286.608634896667,1029.3060679290013,1894.0
1286,1,9.602720252499997,0.06338667027777778,0.19100344583333334,0.002974049216666666,0.01364070736111111,11293.74052777778,803.5270510583333,251.6500628087235,175.0
1092,1,17.551976865833332,0.1366326917777778,0.39687670166666666,0.007496141525,0.03438167488888888,48784.054083333336,3470.887879930556,1087.0189769418878,1927.0
1126,1,8.546754887499999,0.07325482047222222,0.20887327805555556,0.004544202913888889,0.020842369777777776,37154.28558333333,2643.4531107005555,827.881451487583,1753.0
1282,1,9.72005387972222,0.06725259905555556,0.20219600338888888,0.003285942433333333,0.015071232722222222,13461.125694444445,957.732170876111,299.9443026062002,254.0
1073,1,19.727815744722218,0.14932194577777777,0.4196963306111111,0.008276437419444444,0.03796055313888889,50549.67552777778,3596.5083144511113,1126.3610130258253,2035.0
1086,1,18.040875078055553,0.13352139352777778,0.3695627178888889,0.007648056647222222,0.03507842952777778,46708.332777777774,3323.2044604775006,1040.7672151222719,1998.0
1104,1,20.460142112499998,0.1493983843888889,0.4214744838888889,0.008181405775,0.03752467580555555,48633.54597222222,3460.179528848334,1083.6653160802282,1965.0
1349,1,0.2810426858333333,0.0017182941666666668,0.005259912722222222,8.758446111111111e-05,0.0004017126666666667,337.50586111111113,24.012867004722224,7.520393348297097,5.0
1252,2,11.855490463888888,0.09375150095666666,0.2315391679722222,0.003097744044444444,0.04245731905555556,27456.066305555556,1953.4442055122222,611.7832079990551,575.0
1105,1,18.319068730277774,0.13938313805555555,0.3987500197222222,0.007687408119444444,0.035258926055555556,47234.08302777778,3360.610539274722,1052.4821188910378,1877.0
1296,1,16.075093491388888,0.10481499236111111,0.3059115121666667,0.00502933058611111,0.02306740908333333,17636.42613888889,1254.7964469041667,392.9794326895322,271.0
1361,1,0.007914699722222224,6.451391666666668e-05,0.0001829205,5.6564638888888885e-06,2.594391666666667e-05,96.47669444444445,6.864123856388888,2.1497187895690653,4.0
1123,1,18.732453936666666,0.1394419581388889,0.3978136485555555,0.007767338069444444,0.03562552758333333,47082.39261111111,3349.8180694949997,1049.1021135827523,1922.0
1141,2,15.926075586111109,0.11843134847583334,0.3206205931944444,0.003989757180555555,0.054683125777777786,56541.57136111112,4022.819719082223,1259.8739938398417,1891.0
1114,1,18.57384271111111,0.14192569177777778,0.3996648432777777,0.007958268972222222,0.03650124988888889,49621.46838888889,3530.468232911945,1105.6784602165135,2030.0
1144,1,16.434174974444442,0.12872225277777777,0.3681540181666667,0.007117589413888888,0.032645410388888886,47471.136305555556,3377.4764058600003,1057.764201653427,1914.0
1179,1,17.250305445277775,0.12726094252777778,0.3731661063888889,0.006767947736111111,0.031041743722222223,41335.69341666667,2940.9519152258335,921.052667995727,1572.0
1178,1,21.15117550222222,0.1515568221111111,0.42953908644444444,0.00814077183611111,0.037338301916666664,44243.035722222216,3147.803505550278,985.834825147337,1606.0
1196,1,13.723785138055554,0.1015333961388889,0.29252300305555556,0.005451747438888889,0.025004881166666666,33575.50916666667,2388.8303261944443,748.1382248854419,1302.0
1270,1,8.0672539925,0.0630724533888889,0.2084074571111111,0.0031675855777777776,0.01452839236111111,21219.608249999997,1509.7326877161113,472.8208281074548,574.0
1402,2,0.019657394444444445,0.00010221676166666667,0.0009668963333333334,8.212202777777778e-06,0.00011255541666666667,296.2808611111111,21.079790706111112,6.601807180232071,9.0
1187,1,18.5989806475,0.14288868372222222,0.4137776317777778,0.0076579676111111095,0.03512389875,44007.300472222225,3131.031413969167,980.5821110112526,1559.0
1295,1,17.36062936194444,0.11730562672222224,0.3398239266666667,0.005667537777777777,0.02599459886111111,22849.67858333333,1625.7089318,509.14247909554547,473.0
1158,1,15.156087812222221,0.12232899522222222,0.3534071578333333,0.006896161758333333,0.03162981861111111,48582.2455,3456.5296028219445,1082.5222256110544,1938.0
1383,1,9.898328169166664,0.06771918408333334,0.20527462277777778,0.003207367547222222,0.01471084472222222,11662.643305555557,829.7737458980556,259.870050419891,162.0
1426,1,2.2375021875,0.014630782583333333,0.040947529277777776,0.0007190548944444444,0.0032979995833333333,2748.6991944444444,195.56445028,61.24723011041818,60.0
1241,1,16.56048002333333,0.12032230627777779,0.35118019716666665,0.006273537794444444,0.028774083805555555,34345.23691666667,2443.5949161044446,765.2894987254373,1112.0
1280,1,18.24998823472222,0.12426800505555557,0.3634148351111111,0.006150900477777777,0.02821158333333333,27918.74038888889,1986.3625411377775,622.0926322017857,670.0
1206,1,19.072579724999997,0.13855642341666669,0.3978634260555555,0.007363258333333333,0.03377217697222222,41644.96588888889,2962.956033044722,927.9439576217334,1471.0
1308,1,19.130035445277773,0.13511862333333333,0.39822796283333334,0.006575107638888888,0.03015724775,26662.825583333335,1897.0067145469445,594.1080119649293,526.0
1309,1,12.216796324999999,0.09080544847222222,0.2772919836666667,0.004466522497222221,0.020486063222222222,22673.49666666667,1613.1739407825,505.21674781779205,551.0
1218,1,21.558788063611107,0.1571871247777778,0.44640221888888887,0.008205104916666666,0.03763336919444444,42967.54163888889,3057.0546524922224,957.4139343487005,1455.0
1404,1,11.247136191388886,0.07974894069444445,0.24136703650000002,0.0038327907972222222,0.01757940333333333,14506.214305555557,1032.0881354066667,323.2312387705424,237.0
1444,1,8.154360108055554,0.0550997268888889,0.15765816955555553,0.0026920385305555555,0.012347242027777778,9331.061333333333,663.8863517222222,207.9171346984596,162.0
1330,1,20.112516003055553,0.13849095733333336,0.40198052011111113,0.006720067425,0.030822111194444446,26703.725194444447,1899.9166400858333,595.0193477359722,525.0
1386,1,17.64782846888889,0.11839361175,0.3465257637777778,0.005685352330555555,0.026076308361111113,20572.131055555557,1463.6659803066666,458.39357292331505,336.0
1499,1,0.05452113527777778,0.0005065265833333334,0.002150163833333333,3.2259291666666666e-05,0.00014796022222222222,578.6824722222221,41.17210053583334,12.894353304176894,20.0
1458,1,10.184580016388887,0.06661402050000001,0.19181220777777777,0.003267652369444444,0.014987337527777778,10817.101083333333,769.6151078525,241.02945877744207,165.0
1506,1,0.36124850805555553,0.002906525,0.009747567944444445,0.00013388976111111109,0.0006140960833333332,913.27925,64.977992075,20.34992569985227,24.0
1448,1,13.320208680277778,0.08956327369444445,0.30281930977777777,0.0037742184805555556,0.017310763138888886,17815.694916666667,1267.551061968889,396.97394622571113,242.0
1424,1,13.966590074444444,0.09400691555555557,0.2871128622222222,0.004419403591666667,0.02026993958333333,17699.505305555558,1259.2844034530556,394.38497908143427,285.0
1432,1,16.68808560805555,0.11289078613888888,0.3412801362222222,0.005370380458333332,0.024631669999999998,20602.91355555556,1465.8560936180556,459.0794765922001,330.0
1385,1,19.737772563055554,0.13538589697222222,0.3928475805555556,0.006522657933333334,0.02991667511111111,24570.687972222226,1748.1553077919446,547.4904577584772,462.0
1543,1,0.0032751494444444446,2.6699527777777783e-05,6.009988888888889e-05,3.8133916666666664e-06,1.7490472222222226e-05,51.85061111111111,3.6890672794444446,1.1553487979714647,3.0
1403,2,20.143437619444445,0.16530375300583336,0.35553875180555555,0.00520124685,0.07128768861111111,29820.33702777778,2121.6573388805555,664.4645029494103,418.0
1407,1,18.32790286083333,0.12754489816666667,0.37568074394444445,0.006066033977777778,0.02782233633333333,23365.341583333335,1662.39732292,520.6326161326728,419.0
1548,1,0.07729546583333333,0.0008115969166666667,0.0025639144444444444,4.9675275e-05,0.0002278403611111111,882.5282500000001,62.790119936111104,19.664723925445703,34.0
1552,1,0.021295458055555556,0.00024554077777777777,0.0009432700555555556,1.6133522222222222e-05,7.399786111111112e-05,225.9296388888889,16.074441946388887,5.034222955028155,9.0
1557,1,0.013166713611111113,9.954586111111112e-05,0.000719908,7.167319444444446e-06,3.2873527777777775e-05,107.6836388888889,7.6614755386111115,2.399434839137753,3.0
1558,1,0.023166796944444446,0.00018477225000000002,0.0012209349444444444,1.077258888888889e-05,4.9409416666666665e-05,211.5983611111111,15.054800196944443,4.714889698043055,5.0
1560,1,0.2857534052777777,0.001812198916666667,0.005508405555555556,9.121155833333333e-05,0.00041834869444444447,403.5783055555556,28.713789283055554,8.992636734556944,8.0
1392,1,18.730647451666666,0.13216459575,0.3957559081111111,0.00636151098611111,0.02917757163888889,25563.00963888889,1818.7570097344444,569.60162713956,476.0
1413,1,17.591759260277776,0.12708478966666667,0.3822720774444444,0.005986583663888889,0.027457938388888888,25341.50013888889,1802.997051832778,564.6658948694472,472.0
1541,1,8.168035224722221,0.055837088916666666,0.16249564277777778,0.002728792797222222,0.012515821138888888,9341.112194444444,664.601450391111,208.14109059976158,150.0
1582,2,0.014663088888888889,9.210522805555555e-05,0.0008377211111111111,7.259036111111112e-06,9.949141666666666e-05,229.31050000000005,16.314983455,5.109556182043181,7.0
1581,1,0.37857326361111104,0.0030597408888888887,0.009562614777777777,0.0001611089388888889,0.0007389397222222222,780.2115833333334,55.51049372888889,17.38487735418384,18.0
1592,1,0.04236624138888889,0.0004263878055555556,0.0020796113333333335,2.7559325000000004e-05,0.00012640330555555555,393.7725277777778,28.016127805,8.774141844384092,13.0
1594,1,0.27858961055555553,0.0017774221388888892,0.0051869640000000005,9.090491388888888e-05,0.0004169422222222222,353.3801111111111,25.14228814361111,7.874107514067298,8.0
1466,1,19.9483768775,0.14078335958333332,0.4223309094444444,0.006746760630555556,0.03094455175,25409.585055555555,1807.8411574936115,566.1829806877719,419.0
1632,1,0.0031802413888888893,2.0273083333333337e-05,5.1913555555555555e-05,2.5606805555555555e-06,1.1744805555555558e-05,39.42030555555556,2.804675899722222,0.8783734976857324,2.0
1628,1,0.6568148358333333,0.004252513833333333,0.01291168888888889,0.00020319714444444443,0.0009319794722222223,882.0238611111112,62.75423367111111,19.653484999725254,16.0
1634,1,0.04594821638888889,0.0004031382222222223,0.002106706833333333,2.490013611111111e-05,0.00011420672222222221,420.68758333333335,29.931080178333332,9.373870110396213,13.0
1613,1,2.0806097744444445,0.015448406916666668,0.04691790755555556,0.0008097206722222221,0.003713849527777778,6016.101361111112,428.033579625,134.05233470982952,198.0
1642,1,1.8090492908333333,0.014180408555555557,0.046005050166666665,0.0006986402916666667,0.0032043704444444446,4528.350583333333,322.1830872866667,100.90188506386971,119.0
1644,1,1.9058202052777775,0.0147618535,0.04761826261111111,0.0007096911138888889,0.003255056472222222,4746.036805555556,337.6710266302778,105.75242606739154,126.0
1672,1,0.971552763611111,0.007023375277777778,0.021718222555555555,0.00034509930555555555,0.0015828254722222224,1484.3693611111112,105.60991130055555,33.07510403912853,27.0
1678,1,0.29686291083333327,0.0019269450833333335,0.006223717944444445,9.839961111111111e-05,0.0004513173055555556,492.3235000000001,35.027832376111114,10.970080230518434,10.0
1680,1,0.03456044388888889,0.0004685799444444444,0.002007929833333333,2.6934769444444446e-05,0.00012353866666666666,372.79400000000004,26.52354751111111,8.306692834161616,14.0
1683,1,0.5501363025,0.0035045456111111113,0.009920345111111112,0.0001765129833333333,0.0008095900277777777,624.7909722222222,44.452628089722225,13.92175488809937,12.0
1689,1,0.8190581827777776,0.005023320861111112,0.014608706444444444,0.00025089064166666666,0.0011507284444444445,832.7090555555556,59.24558388305556,18.554639679738766,10.0
1702,1,0.04899211916666667,0.00040333322222222225,0.0020871585,2.6288444444444446e-05,0.0001205743611111111,445.2350833333333,31.677585707777773,9.92084388757222,14.0
1706,1,0.030529049722222222,0.0003101923611111111,0.0015945010000000001,2.1667605555555557e-05,9.938038888888888e-05,273.1171111111111,19.43173621888889,6.0856664794611115,9.0
1587,1,14.682629204444442,0.10120830294444444,0.30558640944444443,0.004931843649999999,0.022620285999999996,21264.069888888887,1512.8960443880555,473.81153390153196,437.0
1741,1,0.7761893302777778,0.00581759275,0.019352399833333332,0.00026818248055555553,0.0012300409166666668,1161.639861111111,82.64835283527779,25.883961410684723,16.0
1673,1,18.51399884972222,0.12271344708333334,0.38586236416666664,0.005587210847222222,0.025626184111111113,22758.648861111113,1619.2323491850002,507.11413117657503,324.0
1701,1,12.165271680277778,0.08235034261111111,0.2873450003333334,0.0033552641666666667,0.015389199527777776,17356.06491666667,1234.8493067372224,386.73235106452097,241.0
1710,2,11.455005297222222,0.08298688275583332,0.2464159323333333,0.0023126737194444445,0.03169723102777778,18084.858277777777,1286.7014967388889,402.971514205952,212.0
1782,1,0.8231033413888887,0.005191976416666667,0.014549742111111113,0.0002627626527777778,0.0012051806111111113,935.5556388888888,66.5629125925,20.84629398919659,18.0
1700,1,13.191596708055556,0.08869777108333335,0.29572193783333334,0.003785567030555555,0.01736281186111111,18106.642694444447,1288.2514144544443,403.45692025414183,279.0
1796,1,0.007261769166666666,5.5871972222222224e-05,0.00023263772222222221,4.398194444444444e-06,2.0172722222222222e-05,86.81641666666667,6.176814413611111,1.9344659686263885,3.0
1798,1,0.023501071944444445,0.00023104508333333335,0.0010599127777777776,1.6317066666666667e-05,7.483969444444445e-05,231.76802777777777,16.489831639722222,5.164315454440278,8.0
1801,2,0.014602280555555555,6.537087277777778e-05,0.0008384603333333333,6.895883333333334e-06,9.451413888888888e-05,215.5985,15.339402078888888,4.804021832888384,6.0
1720,1,15.995395110833332,0.10558247902777779,0.34059942144444444,0.004604529208333333,0.021119041027777778,19804.73713888889,1409.0674379827778,441.29430216824267,276.0
1704,1,16.459179696944446,0.11117743325,0.3534276883333334,0.0049979633416666665,0.02292355583333333,21182.98386111111,1507.1269357427777,472.00475396671544,328.0
1719,1,14.293664485833332,0.09687747994444446,0.3175963050555556,0.004211491158333333,0.019316344,19212.39602777778,1366.9235525980557,428.0956035182093,287.0
1729,1,13.372557860833332,0.09078764919444446,0.2980524483888889,0.003923908330555555,0.017997323166666666,18278.631305555555,1300.4880601436112,407.28921519952183,290.0
1717,1,20.63342313583333,0.13723670897222223,0.4190085531666667,0.006364765466666666,0.029192497444444444,23929.39763888889,1702.5287832136112,533.2010598337173,350.0
1728,1,18.117301241388887,0.11997676791666667,0.37527448133333335,0.005448261433333332,0.024988881166666664,22056.774194444446,1569.2953703944445,491.47477736444193,327.0
1751,1,14.196817302499998,0.0953953336111111,0.3125077706666667,0.0041321734611111105,0.018952548361111113,18492.784305555557,1315.7246177949999,412.0610280276158,271.0
1730,1,20.323617338611108,0.13342194375,0.403015708,0.006204097302777776,0.028455575055555554,23105.66419444445,1643.921796095,514.8464170497522,346.0
1825,1,6.490476758055555,0.04521888261111111,0.16416375405555556,0.001808374511111111,0.008294264805555555,10501.417027777778,747.1548187297221,233.99530459308116,150.0
1885,1,0.01173048027777778,0.0001651823888888889,0.0007341337777777778,1.02134e-05,4.684463888888888e-05,121.0031388888889,8.609131324444444,2.6962234011555553,5.0
1760,1,18.99330445805555,0.1255944707777778,0.3877630589444444,0.0058312160194444445,0.02674532961111111,23063.186583333336,1640.8995990336114,513.8999198791628,339.0
1774,1,17.596415183055555,0.11706341,0.36998864722222224,0.005201587072222222,0.02385749075,21271.581638888892,1513.430490448889,473.97891269058385,305.0
1891,1,0.32285258027777775,0.0021681893055555557,0.007372212888888889,0.00011587802499999999,0.0005314836388888889,722.75125,51.42230592972222,16.104531266172092,17.0
1899,2,0.009248616666666667,4.085023388888889e-05,0.0002929145,2.6463444444444444e-06,3.627038888888889e-05,187.84461111111113,13.36476838888889,4.1856024636111115,6.0
1906,1,0.41363511361111105,0.0034589779722222222,0.012021853333333332,0.00016394806666666668,0.0007519615555555555,787.1216388888889,56.002130360833334,17.538849008460982,11.0
1818,2,15.611353808333334,0.1150969529225,0.3238595184444445,0.003257151236111111,0.04464213355555555,23640.237444444443,1681.9556136766664,526.7579171923742,277.0
1874,1,8.381231694166665,0.058302598222222224,0.17507901422222222,0.0027698349555555554,0.012704066972222223,10123.274694444444,720.2507479502779,225.56943878988247,154.0
1810,1,18.609955416388885,0.12559686922222224,0.3875343586666667,0.0058711956083333326,0.026928701833333332,22758.76713888889,1619.2407643972224,507.1167666680392,328.0
1832,1,17.413549602499998,0.11604990752777777,0.35930777661111113,0.005287356258333333,0.024250873694444446,20959.735583333335,1491.2432672808336,467.03027779840653,307.0
1829,1,19.762708452499997,0.13175684469444446,0.40764853016666663,0.006020286613888888,0.02761251908333333,23366.64813888889,1662.4902817849998,520.6617291590294,336.0
1950,2,0.006408102777777778,3.142201166666667e-05,0.0001639098611111111,1.991025e-06,2.7288666666666665e-05,130.27308333333335,9.268669331666667,2.9027787134174243,5.0
1952,1,0.5469080247222222,0.003456292166666667,0.009681374555555556,0.00017344505555555553,0.0007955187222222222,601.2059722222223,42.77460250916667,13.39622778582538,12.0
1862,1,15.090043424722221,0.09968923794444445,0.32500377627777777,0.004333734666666667,0.01987702122222222,18906.738416666667,1345.1766248994445,421.28486116168966,255.0
1956,1,0.0031802413888888893,2.0273083333333337e-05,5.1913555555555555e-05,2.5606805555555555e-06,1.1744805555555558e-05,39.42030555555556,2.804675899722222,0.8783734976857324,2.0
1860,1,18.68347463861111,0.12313357466666668,0.38198220033333335,0.0055047291083333335,0.02524786958333333,21959.817416666665,1562.3970895647221,489.3143612318608,313.0
1969,2,0.27580060277777774,0.002006276656388889,0.0037193851666666665,7.088623611111112e-05,0.0009715584444444444,388.264,27.624207071666667,8.651399396535606,8.0
1905,1,7.647022949722223,0.05371314588888889,0.19724889216666666,0.0020685414666666664,0.00948754563888889,12668.180027777778,901.3156726566665,282.27568111838326,195.0
1902,1,9.006186335833334,0.06394880602777778,0.24595010055555555,0.002359881669444444,0.010823807305555554,15598.226083333335,1109.7825894383332,347.5637291468234,205.0
1875,1,17.228425396944445,0.11825305841666667,0.3754219604444444,0.005332308766666666,0.024457062416666668,22084.150083333334,1571.2431101444445,492.0847740406919,320.0
1992,1,0.14271858027777776,0.0017615724166666668,0.0065672828888888885,7.890470277777777e-05,0.00036190402777777777,568.8904166666666,40.47541536666667,12.67616417619697,10.0
1998,1,0.014737608055555556,0.00014413597222222223,0.0005350437222222222,9.539891666666667e-06,4.3755583333333335e-05,185.1590277777778,13.173694509444445,4.125761598639646,6.0
1996,1,0.6556789691666667,0.00423092275,0.013434085944444446,0.0001998577583333333,0.0009166630277777778,827.5665277777779,58.87970331583334,18.440052538458712,13.0
2001,1,0.042882885833333335,0.0003494446111111111,0.002313308444444445,2.4159333333333338e-05,0.00011080888888888887,352.4156944444445,25.073671825,7.852618130647727,9.0
1948,2,12.072711897222222,0.08645348275583334,0.27946138891666666,0.002245588102777778,0.030777762361111113,19413.325361111114,1381.2192727705556,432.5727631540513,201.0
1957,1,10.730578769166666,0.07106139472222223,0.23899209105555558,0.003027854138888889,0.013887498027777778,14088.766694444446,1002.3875728019445,313.9295625729726,181.0
1888,2,21.313174127777774,0.16556001383916666,0.3697777578888889,0.005243396108333334,0.07186537891666665,29603.65188888889,2106.240624603889,659.6362683418544,387.0
1921,1,16.729993108055552,0.11121749411111112,0.3529261906666667,0.004969027166666666,0.022790837833333334,20977.007361111115,1492.4721197455556,467.41513204758536,314.0
2025,1,0.03295888583333334,0.00024685294444444446,0.0015384017777777775,1.714921666666667e-05,7.865641666666666e-05,270.35347222222225,19.235108839444443,6.024086359262373,8.0
2031,1,0.009659885833333333,8.678483333333334e-05,0.00021732261111111111,7.172833333333333e-06,3.2898888888888896e-05,117.35680555555555,8.349702001666666,2.614974854158333,5.0
2033,1,0.06633936638888889,0.0008922831666666666,0.003295129388888889,3.1555841666666665e-05,0.00014473377777777778,437.4730833333333,31.125334933888887,9.747888986113383,13.0
